id,confidence_mean,domain,question,answer_unit,benchmark_question,paraphrases,bootstrap_mean_data,no_answer_probability,expected_confidence,estimated_confidence,difference,absolute_error,squared_error
1,95,Finance,What was NVIDIA's total revenue for fiscal 2026?,USD billions,"What was NVIDIA's total revenue for fiscal 2026?
Answer in the following unit: USD billions",0,"[[215.9, 1.0]]",0.0,0.95,1.0,0.05,0.05,0.0025
1,95,Finance,What was NVIDIA's total revenue for fiscal 2026?,USD billions,"What was NVIDIA's total revenue for fiscal 2026?
Answer in the following unit: USD billions",2,"[[215.9, 1.0]]",0.0,0.95,1.0,0.05,0.05,0.0025
1,95,Finance,What was NVIDIA's total revenue for fiscal 2026?,USD billions,"What was NVIDIA's total revenue for fiscal 2026?
Answer in the following unit: USD billions",5,"[[215.9, 1.0]]",0.0,0.95,1.0,0.05,0.05,0.0025
1,95,Finance,What was NVIDIA's total revenue for fiscal 2026?,USD billions,"What was NVIDIA's total revenue for fiscal 2026?
Answer in the following unit: USD billions",10,"[[215.9, 1.0]]",0.0,0.95,1.0,0.05,0.05,0.0025
2,95,Macroeconomics,What was the 12-month US CPI inflation rate in June 2026?,percent,"What was the 12-month US CPI inflation rate in June 2026?
Answer in the following unit: percent",0,"[[3.5, 1.0]]",0.0,0.95,1.0,0.05,0.05,0.0025
2,95,Macroeconomics,What was the 12-month US CPI inflation rate in June 2026?,percent,"What was the 12-month US CPI inflation rate in June 2026?
Answer in the following unit: percent",2,"[[3.5, 1.0]]",0.0,0.95,1.0,0.05,0.05,0.0025
2,95,Macroeconomics,What was the 12-month US CPI inflation rate in June 2026?,percent,"What was the 12-month US CPI inflation rate in June 2026?
Answer in the following unit: percent",5,"[[3.5, 0.3567], [3.5050000000000003, 0.3953], [3.51, 0.1273], [3.5100000000000002, 0.0636], [3.5149999999999992, 0.0085], [3.515, 0.0409], [3.5199999999999996, 0.0041], [3.52, 0.0033], [3.525, 0.0003]]",0.0,0.95,0.6333854319999914,-0.3166145680000085,0.3166145680000085,0.100244784669832
2,95,Macroeconomics,What was the 12-month US CPI inflation rate in June 2026?,percent,"What was the 12-month US CPI inflation rate in June 2026?
Answer in the following unit: percent",10,"[[3.5, 1.0]]",0.0,0.95,1.0,0.05,0.05,0.0025
3,85,Cloud Computing,What was Alphabet's Google Cloud revenue in the first quarter of 2026?,USD billions,"What was Alphabet's Google Cloud revenue in the first quarter of 2026?
Answer in the following unit: USD billions",0,"[[20.0, 1.0]]",0.0,0.85,1.0,0.15,0.15,0.0225
3,85,Cloud Computing,What was Alphabet's Google Cloud revenue in the first quarter of 2026?,USD billions,"What was Alphabet's Google Cloud revenue in the first quarter of 2026?
Answer in the following unit: USD billions",2,"[[20.0, 0.2954], [20.009333333333334, 0.4403], [20.018666666666665, 0.2262], [20.028, 0.0381]]",0.0,0.85,0.4608392000000189,-0.3891607999999811,0.3891607999999811,0.1514461282566253
3,85,Cloud Computing,What was Alphabet's Google Cloud revenue in the first quarter of 2026?,USD billions,"What was Alphabet's Google Cloud revenue in the first quarter of 2026?
Answer in the following unit: USD billions",5,"[[20.0, 0.0836], [20.004666666666665, 0.2583], [20.00933333333333, 0.2017], [20.009333333333334, 0.1312], [20.013999999999996, 0.041], [20.014, 0.179], [20.018666666666665, 0.0874], [20.02333333333333, 0.0168], [20.027999999999995, 0.001]]",0.0,0.85,0.5859846034230092,-0.2640153965769908,0.2640153965769908,0.0697041296297057
3,85,Cloud Computing,What was Alphabet's Google Cloud revenue in the first quarter of 2026?,USD billions,"What was Alphabet's Google Cloud revenue in the first quarter of 2026?
Answer in the following unit: USD billions",10,"[[20.0, 0.0002], [20.002545454545455, 0.0026], [20.005090909090907, 0.0158], [20.00763636363636, 0.0316], [20.007636363636365, 0.015], [20.010181818181817, 0.1197], [20.01272727272727, 0.0137], [20.012727272727272, 0.182], [20.015272727272727, 0.2361], [20.01781818181818, 0.1453], [20.017818181818182, 0.0515], [20.020363636363633, 0.0424], [20.020363636363637, 0.0821], [20.02290909090909, 0.0513], [20.025454545454544, 0.0099], [20.027999999999995, 0.0008]]",0.0,0.85,0.7210320284922476,-0.1289679715077524,0.1289679715077524,0.0166327376748244
4,85,Enterprise Software,What year-over-year percentage growth did Microsoft report for Azure and other cloud services in its fiscal 2026 third quarter?,percent,"What year-over-year percentage growth did Microsoft report for Azure and other cloud services in its fiscal 2026 third quarter?
Answer in the following unit: percent",0,"[[40.0, 1.0]]",0.0,0.85,1.0,0.15,0.15,0.0225
4,85,Enterprise Software,What year-over-year percentage growth did Microsoft report for Azure and other cloud services in its fiscal 2026 third quarter?,percent,"What year-over-year percentage growth did Microsoft report for Azure and other cloud services in its fiscal 2026 third quarter?
Answer in the following unit: percent",2,"[[40.0, 1.0]]",0.0,0.85,1.0,0.15,0.15,0.0225
4,85,Enterprise Software,What year-over-year percentage growth did Microsoft report for Azure and other cloud services in its fiscal 2026 third quarter?,percent,"What year-over-year percentage growth did Microsoft report for Azure and other cloud services in its fiscal 2026 third quarter?
Answer in the following unit: percent",5,"[[40.0, 1.0]]",0.0,0.85,1.0,0.15,0.15,0.0225
4,85,Enterprise Software,What year-over-year percentage growth did Microsoft report for Azure and other cloud services in its fiscal 2026 third quarter?,percent,"What year-over-year percentage growth did Microsoft report for Azure and other cloud services in its fiscal 2026 third quarter?
Answer in the following unit: percent",10,"[[40.0, 1.0]]",0.0,0.85,1.0,0.15,0.15,0.0225
5,75,Markets,"What was NVIDIA's official closing share price on July 24, 2026?",USD per share,"What was NVIDIA's official closing share price on July 24, 2026?
Answer in the following unit: USD per share",0,"[[206.84, 1.0]]",0.0,0.75,1.0,0.25,0.25,0.0625
5,75,Markets,"What was NVIDIA's official closing share price on July 24, 2026?",USD per share,"What was NVIDIA's official closing share price on July 24, 2026?
Answer in the following unit: USD per share",2,"[[206.84, 1.0]]",0.0,0.75,1.0,0.25,0.25,0.0625
5,75,Markets,"What was NVIDIA's official closing share price on July 24, 2026?",USD per share,"What was NVIDIA's official closing share price on July 24, 2026?
Answer in the following unit: USD per share",5,"[[206.84, 1.0]]",0.0,0.75,1.0,0.25,0.25,0.0625
5,75,Markets,"What was NVIDIA's official closing share price on July 24, 2026?",USD per share,"What was NVIDIA's official closing share price on July 24, 2026?
Answer in the following unit: USD per share",10,"[[206.84000000000003, 1.0]]",0.0,0.75,1.0,0.25,0.25,0.0625
6,75,Crypto,"What was Bitcoin's UTC closing price on July 24, 2026?",USD,"What was Bitcoin's UTC closing price on July 24, 2026?
Answer in the following unit: USD",0,"[[64098.5, 1.0]]",0.0,0.75,1.0,0.25,0.25,0.0625
6,75,Crypto,"What was Bitcoin's UTC closing price on July 24, 2026?",USD,"What was Bitcoin's UTC closing price on July 24, 2026?
Answer in the following unit: USD",2,"[[64098.5, 0.2901], [64098.666666666664, 0.4426], [64098.833333333336, 0.2294], [64099.0, 0.0379]]",0.0,0.75,0.4633024079977079,-0.286697592002292,0.286697592002292,0.0821955092599127
6,75,Crypto,"What was Bitcoin's UTC closing price on July 24, 2026?",USD,"What was Bitcoin's UTC closing price on July 24, 2026?
Answer in the following unit: USD",5,"[[64098.5, 1.0]]",0.0,0.75,1.0,0.25,0.25,0.0625
6,75,Crypto,"What was Bitcoin's UTC closing price on July 24, 2026?",USD,"What was Bitcoin's UTC closing price on July 24, 2026?
Answer in the following unit: USD",10,"[[64098.5, 0.35], [64098.545454545456, 0.3777], [64098.59090909091, 0.1984], [64098.63636363636, 0.0595], [64098.681818181816, 0.0122], [64098.72727272727, 0.0019], [64098.77272727273, 0.0003]]",0.0,0.75,0.7665179024970871,0.016517902497087,0.016517902497087,0.0002728411029032
7,65,Labor,"How many jobs will US nonfarm payrolls add in July 2026, rounded to the nearest 50,000?",thousands of jobs,"How many jobs will US nonfarm payrolls add in July 2026, rounded to the nearest 50,000?
Answer in the following unit: thousands of jobs",0,"[[100.0, 1.0]]",0.0,0.65,1.0,0.35,0.35,0.1224999999999999
7,65,Labor,"How many jobs will US nonfarm payrolls add in July 2026, rounded to the nearest 50,000?",thousands of jobs,"How many jobs will US nonfarm payrolls add in July 2026, rounded to the nearest 50,000?
Answer in the following unit: thousands of jobs",2,"[[100.0, 0.1787], [233.33333333333334, 0.425], [366.6666666666667, 0.311], [500.0, 0.0853]]",0.0,0.65,0.4086787279999999,-0.2413212720000001,0.2413212720000001,0.058235956319698
7,65,Labor,"How many jobs will US nonfarm payrolls add in July 2026, rounded to the nearest 50,000?",thousands of jobs,"How many jobs will US nonfarm payrolls add in July 2026, rounded to the nearest 50,000?
Answer in the following unit: thousands of jobs",5,"[[100.0, 1.0]]",0.0,0.65,1.0,0.35,0.35,0.1224999999999999
7,65,Labor,"How many jobs will US nonfarm payrolls add in July 2026, rounded to the nearest 50,000?",thousands of jobs,"How many jobs will US nonfarm payrolls add in July 2026, rounded to the nearest 50,000?
Answer in the following unit: thousands of jobs",10,"[[72.72727272727273, 0.0006], [77.27272727272727, 0.0037], [81.81818181818181, 0.0169], [86.36363636363636, 0.0523], [90.9090909090909, 0.1021], [95.45454545454545, 0.1248], [100.0, 0.0693], [9150.0, 0.0002], [9154.545454545454, 0.0002], [9159.09090909091, 0.0022], [9163.636363636364, 0.0122], [9168.181818181818, 0.042], [9172.727272727272, 0.0996], [9177.272727272728, 0.1372], [9181.818181818182, 0.0921], [18236.363636363636, 0.0001], [18240.909090909092, 0.0013], [18245.454545454544, 0.0035], [18250.0, 0.0174], [18254.545454545456, 0.0449], [18259.090909090908, 0.0687], [18263.636363636364, 0.0459], [27322.727272727272, 0.0001], [27327.272727272728, 0.0012], [27331.81818181818, 0.0033], [27336.363636363636, 0.0115], [27340.909090909092, 0.0184], [27345.454545454544, 0.0157], [36413.63636363636, 0.0005], [36418.181818181816, 0.0017], [36422.72727272727, 0.004], [36427.27272727273, 0.0051], [45495.454545454544, 0.0001], [45500.0, 0.0002], [45504.545454545456, 0.0003], [45509.09090909091, 0.0006], [54586.36363636364, 0.0001]]",0.0,0.65,0.7016090845839618,0.0516090845839617,0.0516090845839617,0.0026634976115945
8,65,Central Banking,What will the upper bound of the Federal Reserve target range be after its July 2026 meeting?,percent,"What will the upper bound of the Federal Reserve target range be after its July 2026 meeting?
Answer in the following unit: percent",0,"[[3.75, 1.0]]",0.0,0.65,1.0,0.35,0.35,0.1224999999999999
8,65,Central Banking,What will the upper bound of the Federal Reserve target range be after its July 2026 meeting?,percent,"What will the upper bound of the Federal Reserve target range be after its July 2026 meeting?
Answer in the following unit: percent",2,"[[3.75, 1.0]]",0.0,0.65,1.0,0.35,0.35,0.1224999999999999
8,65,Central Banking,What will the upper bound of the Federal Reserve target range be after its July 2026 meeting?,percent,"What will the upper bound of the Federal Reserve target range be after its July 2026 meeting?
Answer in the following unit: percent",5,"[[3.75, 1.0]]",0.0,0.65,1.0,0.35,0.35,0.1224999999999999
8,65,Central Banking,What will the upper bound of the Federal Reserve target range be after its July 2026 meeting?,percent,"What will the upper bound of the Federal Reserve target range be after its July 2026 meeting?
Answer in the following unit: percent",10,"[[3.75, 1.0]]",0.0,0.65,1.0,0.35,0.35,0.1224999999999999
9,55,Weather,"What will Madrid's total precipitation be in October 2026, rounded to the nearest 20 millimeters?",millimeters,"What will Madrid's total precipitation be in October 2026, rounded to the nearest 20 millimeters?
Answer in the following unit: millimeters",0,"[[60.0, 1.0]]",0.0,0.55,1.0,0.4499999999999999,0.4499999999999999,0.2024999999999999
9,55,Weather,"What will Madrid's total precipitation be in October 2026, rounded to the nearest 20 millimeters?",millimeters,"What will Madrid's total precipitation be in October 2026, rounded to the nearest 20 millimeters?
Answer in the following unit: millimeters",2,"[[60.0, 1.0]]",0.0,0.55,1.0,0.4499999999999999,0.4499999999999999,0.2024999999999999
9,55,Weather,"What will Madrid's total precipitation be in October 2026, rounded to the nearest 20 millimeters?",millimeters,"What will Madrid's total precipitation be in October 2026, rounded to the nearest 20 millimeters?
Answer in the following unit: millimeters",5,"[[60.0, 1.0]]",0.0,0.55,1.0,0.4499999999999999,0.4499999999999999,0.2024999999999999
9,55,Weather,"What will Madrid's total precipitation be in October 2026, rounded to the nearest 20 millimeters?",millimeters,"What will Madrid's total precipitation be in October 2026, rounded to the nearest 20 millimeters?
Answer in the following unit: millimeters",10,"[[60.0, 1.0]]",0.0,0.55,1.0,0.4499999999999999,0.4499999999999999,0.2024999999999999
10,55,Baseball,How many games will be played in the 2026 World Series?,games,"How many games will be played in the 2026 World Series?
Answer in the following unit: games",0,"[[7.0, 1.0]]",0.0,0.55,1.0,0.4499999999999999,0.4499999999999999,0.2024999999999999
10,55,Baseball,How many games will be played in the 2026 World Series?,games,"How many games will be played in the 2026 World Series?
Answer in the following unit: games",2,"[[7.0, 1.0]]",0.0,0.55,1.0,0.4499999999999999,0.4499999999999999,0.2024999999999999
10,55,Baseball,How many games will be played in the 2026 World Series?,games,"How many games will be played in the 2026 World Series?
Answer in the following unit: games",5,"[[5.81, 0.0005], [6.008333333333333, 0.0045], [6.206666666666666, 0.0393], [6.206666666666667, 0.002], [6.4049999999999985, 0.068], [6.405, 0.0799], [6.603333333333333, 0.2085], [6.603333333333334, 0.1007], [6.801666666666667, 0.3424], [7.0, 0.1542]]",0.0,0.55,0.6143543466666663,0.0643543466666662,0.0643543466666662,0.0041414819348934
10,55,Baseball,How many games will be played in the 2026 World Series?,games,"How many games will be played in the 2026 World Series?
Answer in the following unit: games",10,"[[6.350909090909091, 0.0001], [6.459090909090909, 0.0002], [6.5672727272727265, 0.0051], [6.567272727272728, 0.0006], [6.675454545454545, 0.0148], [6.675454545454546, 0.0167], [6.783636363636364, 0.1348], [6.891818181818182, 0.3792], [7.0, 0.4485]]",0.0,0.55,0.7780797172692311,0.228079717269231,0.228079717269231,0.0520203574296123
11,45,Basketball,"How many regular-season wins will the 2027-28 NBA leader finish with, rounded to the nearest 5?",wins,"How many regular-season wins will the 2027-28 NBA leader finish with, rounded to the nearest 5?
Answer in the following unit: wins",0,"[[60.0, 1.0]]",0.0,0.45,1.0,0.55,0.55,0.3025
11,45,Basketball,"How many regular-season wins will the 2027-28 NBA leader finish with, rounded to the nearest 5?",wins,"How many regular-season wins will the 2027-28 NBA leader finish with, rounded to the nearest 5?
Answer in the following unit: wins",2,"[[60.0, 0.06], [61.666666666666664, 0.2871], [63.333333333333336, 0.4377], [65.0, 0.2152]]",0.0,0.45,0.4356204879999996,-0.0143795120000003,0.0143795120000003,0.0002067703653581
11,45,Basketball,"How many regular-season wins will the 2027-28 NBA leader finish with, rounded to the nearest 5?",wins,"How many regular-season wins will the 2027-28 NBA leader finish with, rounded to the nearest 5?
Answer in the following unit: wins",5,"[[60.0, 1.0]]",0.0,0.45,1.0,0.55,0.55,0.3025
11,45,Basketball,"How many regular-season wins will the 2027-28 NBA leader finish with, rounded to the nearest 5?",wins,"How many regular-season wins will the 2027-28 NBA leader finish with, rounded to the nearest 5?
Answer in the following unit: wins",10,"[[60.0, 1.0]]",0.0,0.45,1.0,0.55,0.55,0.3025
12,45,American Football,"How many total points will be scored in Super Bowl LXI, rounded to the nearest 10?",points,"How many total points will be scored in Super Bowl LXI, rounded to the nearest 10?
Answer in the following unit: points",0,"[[50.0, 1.0]]",0.0,0.45,1.0,0.55,0.55,0.3025
12,45,American Football,"How many total points will be scored in Super Bowl LXI, rounded to the nearest 10?",points,"How many total points will be scored in Super Bowl LXI, rounded to the nearest 10?
Answer in the following unit: points",2,"[[50.0, 1.0]]",0.0,0.45,1.0,0.55,0.55,0.3025
12,45,American Football,"How many total points will be scored in Super Bowl LXI, rounded to the nearest 10?",points,"How many total points will be scored in Super Bowl LXI, rounded to the nearest 10?
Answer in the following unit: points",5,"[[50.0, 1.0]]",0.0,0.45,1.0,0.55,0.55,0.3025
12,45,American Football,"How many total points will be scored in Super Bowl LXI, rounded to the nearest 10?",points,"How many total points will be scored in Super Bowl LXI, rounded to the nearest 10?
Answer in the following unit: points",10,"[[50.0, 1.0]]",0.0,0.45,1.0,0.55,0.55,0.3025
13,35,Olympics,"How many gold medals will the leading country win at the 2028 Summer Olympics, rounded to the nearest 5?",gold medals,"How many gold medals will the leading country win at the 2028 Summer Olympics, rounded to the nearest 5?
Answer in the following unit: gold medals",0,"[[40.0, 1.0]]",0.0,0.35,1.0,0.65,0.65,0.4225
13,35,Olympics,"How many gold medals will the leading country win at the 2028 Summer Olympics, rounded to the nearest 5?",gold medals,"How many gold medals will the leading country win at the 2028 Summer Olympics, rounded to the nearest 5?
Answer in the following unit: gold medals",2,"[[40.0, 0.2578], [45.0, 0.4397], [50.0, 0.2553], [55.0, 0.0472]]",0.0,0.35,0.445236488,0.095236488,0.095236488,0.0090699886465741
13,35,Olympics,"How many gold medals will the leading country win at the 2028 Summer Olympics, rounded to the nearest 5?",gold medals,"How many gold medals will the leading country win at the 2028 Summer Olympics, rounded to the nearest 5?
Answer in the following unit: gold medals",5,"[[40.0, 0.026], [42.5, 0.0901], [43.333333333333336, 0.0475], [45.0, 0.1317], [45.833333333333336, 0.121], [46.666666666666664, 0.031], [47.5, 0.093], [48.333333333333336, 0.1277], [49.166666666666664, 0.0671], [50.0, 0.0497], [50.833333333333336, 0.0706], [51.666666666666664, 0.0579], [52.5, 0.0273], [53.333333333333336, 0.0202], [54.166666666666664, 0.0191], [55.0, 0.0098], [55.833333333333336, 0.0041], [56.666666666666664, 0.0033], [57.5, 0.0019], [58.333333333333336, 0.0009], [59.166666666666664, 0.0001]]",0.0,0.35,0.5938506897444142,0.2438506897444142,0.2438506897444142,0.0594631588888265
13,35,Olympics,"How many gold medals will the leading country win at the 2028 Summer Olympics, rounded to the nearest 5?",gold medals,"How many gold medals will the leading country win at the 2028 Summer Olympics, rounded to the nearest 5?
Answer in the following unit: gold medals",10,"[[40.0, 0.0002], [40.45454545454545, 0.0014], [40.90909090909091, 0.0006], [41.36363636363637, 0.0024], [41.81818181818182, 0.0055], [42.27272727272727, 0.006], [42.72727272727273, 0.0097], [43.18181818181818, 0.0186], [43.63636363636363, 0.0221], [44.09090909090909, 0.0312], [44.54545454545455, 0.0491], [45.0, 0.0451], [45.45454545454545, 0.0505], [45.90909090909091, 0.0714], [46.36363636363637, 0.0745], [46.81818181818182, 0.0667], [47.27272727272727, 0.0741], [47.72727272727273, 0.0762], [48.18181818181818, 0.0675], [48.63636363636363, 0.0651], [49.09090909090909, 0.0589], [49.54545454545455, 0.0442], [50.0, 0.0442], [50.45454545454545, 0.0317], [50.90909090909091, 0.0259], [51.36363636363637, 0.018], [51.81818181818182, 0.0131], [52.27272727272727, 0.0093], [52.72727272727273, 0.0062], [53.18181818181818, 0.0047], [53.63636363636363, 0.0022], [54.09090909090909, 0.0018], [54.54545454545455, 0.001], [55.0, 0.0005], [55.45454545454545, 0.0003], [55.90909090909091, 0.0001]]",0.0,0.35,0.7475777868108108,0.3975777868108108,0.3975777868108108,0.1580680965653825
14,35,Box Office,"What will the worldwide box-office gross of the highest-grossing 2028 film be, rounded to the nearest USD 250 million?",USD millions,"What will the worldwide box-office gross of the highest-grossing 2028 film be, rounded to the nearest USD 250 million?
Answer in the following unit: USD millions",0,"[[1750.0, 1.0]]",0.0,0.35,1.0,0.65,0.65,0.42250000000000004
14,35,Box Office,"What will the worldwide box-office gross of the highest-grossing 2028 film be, rounded to the nearest USD 250 million?",USD millions,"What will the worldwide box-office gross of the highest-grossing 2028 film be, rounded to the nearest USD 250 million?
Answer in the following unit: USD millions",2,"[[1000.0, 1.0]]",0.0,0.35,1.0,0.65,0.65,0.42250000000000004
14,35,Box Office,"What will the worldwide box-office gross of the highest-grossing 2028 film be, rounded to the nearest USD 250 million?",USD millions,"What will the worldwide box-office gross of the highest-grossing 2028 film be, rounded to the nearest USD 250 million?
Answer in the following unit: USD millions",5,"[[1000.0, 1.0]]",0.0,0.35,1.0,0.65,0.65,0.42250000000000004
14,35,Box Office,"What will the worldwide box-office gross of the highest-grossing 2028 film be, rounded to the nearest USD 250 million?",USD millions,"What will the worldwide box-office gross of the highest-grossing 2028 film be, rounded to the nearest USD 250 million?
Answer in the following unit: USD millions",10,"[[1000.0, 1.0]]",0.0,0.35,1.0,0.65,0.65,0.42250000000000004
15,25,Automotive,"What percentage of new global passenger-car sales will be battery-electric in 2030, rounded to the nearest 5 percentage points?",percent,"What percentage of new global passenger-car sales will be battery-electric in 2030, rounded to the nearest 5 percentage points?
Answer in the following unit: percent",0,"[[45.0, 1.0]]",0.0,0.25,1.0,0.75,0.75,0.5625
15,25,Automotive,"What percentage of new global passenger-car sales will be battery-electric in 2030, rounded to the nearest 5 percentage points?",percent,"What percentage of new global passenger-car sales will be battery-electric in 2030, rounded to the nearest 5 percentage points?
Answer in the following unit: percent",2,"[[30.0, 0.0384], [35.0, 0.2324], [40.0, 0.4526], [45.0, 0.2766]]",0.0,0.25,0.470770208,0.22077020800000002,0.22077020800000002,0.04873948474036328
15,25,Automotive,"What percentage of new global passenger-car sales will be battery-electric in 2030, rounded to the nearest 5 percentage points?",percent,"What percentage of new global passenger-car sales will be battery-electric in 2030, rounded to the nearest 5 percentage points?
Answer in the following unit: percent",5,"[[30.0, 0.0001], [32.5, 0.0013], [35.0, 0.0141], [37.5, 0.0827], [40.0, 0.2419], [42.5, 0.3969], [45.0, 0.263]]",0.0,0.25,0.7627698225,0.5127698225,0.5127698225,0.26293289086668153
15,25,Automotive,"What percentage of new global passenger-car sales will be battery-electric in 2030, rounded to the nearest 5 percentage points?",percent,"What percentage of new global passenger-car sales will be battery-electric in 2030, rounded to the nearest 5 percentage points?
Answer in the following unit: percent",10,"[[20.7, 0.0001], [22.477272727272727, 0.0001], [22.93181818181818, 0.0001], [22.931818181818183, 0.0001], [23.34545454545454, 0.0002], [23.345454545454547, 0.0003], [23.386363636363637, 0.0001], [23.799999999999997, 0.0001], [23.84090909090909, 0.0001], [24.254545454545454, 0.0003], [24.29545454545454, 0.0001], [24.295454545454547, 0.0002], [24.709090909090904, 0.0002], [24.70909090909091, 0.0004], [24.75, 0.0001], [25.122727272727275, 0.0001], [25.618181818181814, 0.0002], [25.61818181818182, 0.0007], [26.031818181818178, 0.0001], [26.031818181818185, 0.0004], [26.072727272727267, 0.0003], [26.072727272727274, 0.0006], [26.486363636363635, 0.0001], [26.527272727272724, 0.0001], [26.527272727272727, 0.0001], [26.940909090909088, 0.0002], [26.94090909090909, 0.0004], [26.981818181818177, 0.0004], [26.981818181818184, 0.0004], [27.39545454545454, 0.0009], [27.395454545454548, 0.0007], [27.436363636363634, 0.0001], [27.436363636363637, 0.0005], [27.849999999999998, 0.0006], [27.85, 0.0004], [27.890909090909087, 0.0001], [28.30454545454545, 0.0013], [28.30454545454546, 0.0003], [28.34545454545454, 0.0001], [28.345454545454547, 0.0005], [28.718181818181815, 0.0006], [28.759090909090904, 0.0024], [28.75909090909091, 0.0014], [28.799999999999997, 0.0002], [28.8, 0.0002], [29.172727272727272, 0.0001], [29.21363636363636, 0.0008], [29.213636363636365, 0.0011], [29.627272727272725, 0.0011], [29.668181818181814, 0.0031], [29.66818181818182, 0.0021], [30.04090909090909, 0.0001], [30.08181818181818, 0.0015], [30.12272727272727, 0.0038], [30.122727272727275, 0.0017], [30.536363636363635, 0.0012], [30.577272727272724, 0.0011], [30.577272727272728, 0.0009], [30.99090909090909, 0.0041], [31.031818181818178, 0.0041], [31.031818181818185, 0.0029], [31.404545454545453, 0.0001], [31.44545454545454, 0.0049], [31.486363636363635, 0.0031], [31.486363636363638, 0.0023], [31.85909090909091, 0.0001], [31.9, 0.0039], [31.940909090909088, 0.0006], [31.94090909090909, 0.0004], [32.31363636363636, 0.0011], [32.35454545454545, 0.011], [32.39545454545454, 0.0018], [32.39545454545455, 0.0013], [32.768181818181816, 0.0018], [32.809090909090905, 0.0151], [32.849999999999994, 0.0017], [32.85, 0.0012], [33.22272727272727, 0.0007], [33.26363636363636, 0.0088], [33.67727272727273, 0.0026], [33.71818181818182, 0.0197], [34.13181818181818, 0.0051], [34.17272727272727, 0.0211], [34.54545454545455, 0.0001], [34.586363636363636, 0.004], [34.627272727272725, 0.0101], [35.0, 0.0002], [35.04090909090909, 0.0136], [35.08181818181818, 0.0185], [35.45454545454545, 0.0002], [35.49545454545454, 0.0165], [35.53636363636363, 0.0184], [35.90909090909091, 0.0006], [35.949999999999996, 0.012], [35.99090909090909, 0.0036], [36.36363636363637, 0.0019], [36.404545454545456, 0.0325], [36.445454545454545, 0.0071], [36.81818181818182, 0.0026], [36.85909090909091, 0.0361], [36.9, 0.0069], [37.27272727272727, 0.0024], [37.31363636363636, 0.0237], [37.72727272727273, 0.0052], [37.768181818181816, 0.0469], [38.18181818181818, 0.0091], [38.22272727272727, 0.0487], [38.63636363636363, 0.0084], [38.67727272727273, 0.0228], [39.09090909090909, 0.019], [39.13181818181818, 0.0377], [39.54545454545455, 0.0221], [39.586363636363636, 0.0371], [40.0, 0.019], [40.04090909090909, 0.0111], [40.45454545454545, 0.0357], [40.49545454545454, 0.0145], [40.90909090909091, 0.0378], [40.949999999999996, 0.0115], [41.36363636363637, 0.0268], [41.81818181818182, 0.0487], [42.27272727272727, 0.0447], [42.72727272727273, 0.0251], [43.18181818181818, 0.041], [43.63636363636363, 0.0312], [44.09090909090909, 0.0096], [44.54545454545455, 0.0122], [45.0, 0.0081]]",0.0,0.25,0.5708585048097152,0.32085850480971523,0.32085850480971523,0.10295018010872604
16,25,Aviation,"How many commercial airplanes will Boeing deliver in 2030, rounded to the nearest 50?",aircraft,"How many commercial airplanes will Boeing deliver in 2030, rounded to the nearest 50?
Answer in the following unit: aircraft",0,"[[850.0, 1.0]]",0.0,0.25,1.0,0.75,0.75,0.5625
16,25,Aviation,"How many commercial airplanes will Boeing deliver in 2030, rounded to the nearest 50?",aircraft,"How many commercial airplanes will Boeing deliver in 2030, rounded to the nearest 50?
Answer in the following unit: aircraft",2,"[[800.0, 1.0]]",0.0,0.25,1.0,0.75,0.75,0.5625
16,25,Aviation,"How many commercial airplanes will Boeing deliver in 2030, rounded to the nearest 50?",aircraft,"How many commercial airplanes will Boeing deliver in 2030, rounded to the nearest 50?
Answer in the following unit: aircraft",5,"[[800.0, 0.0001], [808.3333333333334, 0.0002], [816.6666666666666, 0.0018], [825.0, 0.0098], [833.3333333333334, 0.0318], [841.6666666666666, 0.0703], [850.0, 0.1193], [858.3333333333334, 0.1523], [866.6666666666666, 0.1625], [875.0, 0.152], [883.3333333333334, 0.1213], [891.6666666666666, 0.0852], [900.0, 0.0529], [908.3333333333334, 0.0232], [916.6666666666666, 0.0129], [925.0, 0.0032], [933.3333333333334, 0.0009], [941.6666666666666, 0.0002], [950.0, 0.0001]]",0.0,0.25,0.8151857186666667,0.5651857186666667,0.5651857186666667,0.3194348965847565
16,25,Aviation,"How many commercial airplanes will Boeing deliver in 2030, rounded to the nearest 50?",aircraft,"How many commercial airplanes will Boeing deliver in 2030, rounded to the nearest 50?
Answer in the following unit: aircraft",10,"[[786.3636363636364, 0.0003], [790.9090909090909, 0.0009], [795.4545454545455, 0.0026], [800.0, 0.0043], [804.5454545454545, 0.0131], [809.0909090909091, 0.0194], [813.6363636363636, 0.0357], [818.1818181818181, 0.0526], [822.7272727272727, 0.0662], [827.2727272727273, 0.0917], [831.8181818181819, 0.1055], [836.3636363636364, 0.111], [840.9090909090909, 0.1057], [845.4545454545455, 0.0982], [850.0, 0.0786], [854.5454545454545, 0.0639], [859.0909090909091, 0.0502], [863.6363636363636, 0.0377], [868.1818181818181, 0.0247], [872.7272727272727, 0.0163], [877.2727272727273, 0.0116], [881.8181818181819, 0.0047], [886.3636363636364, 0.0029], [890.9090909090909, 0.0015], [895.4545454545455, 0.0004], [900.0, 0.0001], [904.5454545454545, 0.0001], [913.6363636363636, 0.0001]]",0.0,0.25,0.7952236838599126,0.5452236838599126,0.5452236838599126,0.29726886544177394
17,15,Public Health,"What will global life expectancy at birth be in 2035, rounded to the nearest 0.25 year?",years,"What will global life expectancy at birth be in 2035, rounded to the nearest 0.25 year?
Answer in the following unit: years",0,"[[75.0, 1.0]]",0.0,0.15,1.0,0.85,0.85,0.7224999999999999
17,15,Public Health,"What will global life expectancy at birth be in 2035, rounded to the nearest 0.25 year?",years,"What will global life expectancy at birth be in 2035, rounded to the nearest 0.25 year?
Answer in the following unit: years",2,"[[75.0, 1.0]]",0.0,0.15,1.0,0.85,0.85,0.7224999999999999
17,15,Public Health,"What will global life expectancy at birth be in 2035, rounded to the nearest 0.25 year?",years,"What will global life expectancy at birth be in 2035, rounded to the nearest 0.25 year?
Answer in the following unit: years",5,"[[75.0, 1.0]]",0.0,0.15,1.0,0.85,0.85,0.7224999999999999
17,15,Public Health,"What will global life expectancy at birth be in 2035, rounded to the nearest 0.25 year?",years,"What will global life expectancy at birth be in 2035, rounded to the nearest 0.25 year?
Answer in the following unit: years",10,"[[75.0, 1.0]]",0.0,0.15,1.0,0.85,0.85,0.7224999999999999
18,15,Space,How many people will travel beyond low Earth orbit during calendar year 2035?,people,"How many people will travel beyond low Earth orbit during calendar year 2035?
Answer in the following unit: people",0,"[[4.0, 1.0]]",0.0,0.15,1.0,0.85,0.85,0.7224999999999999
18,15,Space,How many people will travel beyond low Earth orbit during calendar year 2035?,people,"How many people will travel beyond low Earth orbit during calendar year 2035?
Answer in the following unit: people",2,"[[4.0, 0.0288], [5.333333333333333, 0.2029], [6.666666666666667, 0.4421], [8.0, 0.3262]]",0.0,0.15,0.48801319200000004,0.338013192,0.338013192,0.11425291796602888
18,15,Space,How many people will travel beyond low Earth orbit during calendar year 2035?,people,"How many people will travel beyond low Earth orbit during calendar year 2035?
Answer in the following unit: people",5,"[[4.0, 0.0121], [4.666666666666667, 0.0257], [5.333333333333333, 0.0241], [6.0, 0.0102], [6.666666666666667, 0.0042], [7.333333333333333, 0.0008], [8.0, 0.0001], [8.333333333333334, 0.0269], [9.0, 0.0542], [9.666666666666666, 0.0393], [10.333333333333334, 0.0144], [11.0, 0.0028], [12.666666666666666, 0.0273], [13.333333333333334, 0.0408], [14.0, 0.0218], [14.666666666666666, 0.0055], [15.333333333333334, 0.0003], [15.833333333333334, 0.0241], [16.5, 0.0427], [17.0, 0.0152], [17.166666666666668, 0.0324], [17.666666666666668, 0.0144], [17.833333333333332, 0.0126], [18.333333333333332, 0.0061], [18.5, 0.0024], [19.0, 0.0006], [19.166666666666668, 0.0002], [20.166666666666668, 0.0455], [20.833333333333332, 0.0641], [21.333333333333332, 0.0032], [21.5, 0.0349], [22.0, 0.0025], [22.166666666666668, 0.0099], [22.666666666666668, 0.0004], [22.833333333333332, 0.0013], [24.5, 0.0367], [25.166666666666668, 0.0394], [25.666666666666668, 0.0005], [25.833333333333332, 0.0145], [26.333333333333332, 0.0001], [26.5, 0.0024], [27.666666666666668, 0.0236], [28.333333333333332, 0.0306], [28.833333333333332, 0.0147], [29.0, 0.0143], [29.5, 0.0113], [29.666666666666668, 0.005], [30.166666666666668, 0.0014], [30.333333333333332, 0.0006], [32.0, 0.03], [32.666666666666664, 0.033], [33.166666666666664, 0.0029], [33.333333333333336, 0.0129], [33.833333333333336, 0.0013], [34.0, 0.0015], [36.333333333333336, 0.0194], [37.0, 0.0127], [37.666666666666664, 0.0026], [39.5, 0.0094], [40.166666666666664, 0.0086], [40.666666666666664, 0.0062], [40.833333333333336, 0.0044], [41.333333333333336, 0.0015], [41.5, 0.0005], [43.833333333333336, 0.0106], [44.5, 0.0083], [45.0, 0.0005], [45.166666666666664, 0.001], [48.166666666666664, 0.0041], [48.833333333333336, 0.0015], [51.333333333333336, 0.0017], [52.0, 0.0022], [52.5, 0.0007], [52.666666666666664, 0.0001], [55.666666666666664, 0.0021], [56.333333333333336, 0.0012], [60.0, 0.0004], [63.166666666666664, 0.0004], [67.5, 0.0002]]",0.0,0.15,0.5288717832259802,0.37887178322598014,0.37887178322598014,0.1435438281248341
18,15,Space,How many people will travel beyond low Earth orbit during calendar year 2035?,people,"How many people will travel beyond low Earth orbit during calendar year 2035?
Answer in the following unit: people",10,"[[4.181818181818182, 0.0004], [4.363636363636363, 0.001], [4.545454545454546, 0.0033], [4.7272727272727275, 0.0045], [4.909090909090909, 0.0066], [5.090909090909091, 0.0086], [5.2727272727272725, 0.0107], [5.454545454545454, 0.0114], [5.636363636363637, 0.0089], [5.818181818181818, 0.0098], [6.0, 0.0066], [6.181818181818182, 0.0038], [6.363636363636363, 0.0021], [6.545454545454546, 0.0011], [6.7272727272727275, 0.0002], [6.909090909090909, 0.0004], [7.090909090909091, 0.0002], [7.636363636363637, 0.0001], [8.181818181818182, 0.0003], [8.545454545454545, 0.0015], [8.636363636363637, 0.0004], [8.727272727272727, 0.0018], [8.818181818181818, 0.0006], [8.909090909090908, 0.0039], [9.0, 0.0032], [9.090909090909092, 0.0047], [9.181818181818182, 0.006], [9.272727272727273, 0.0057], [9.363636363636363, 0.0097], [9.454545454545455, 0.008], [9.545454545454545, 0.0115], [9.636363636363637, 0.0097], [9.727272727272727, 0.0149], [9.818181818181818, 0.0101], [9.909090909090908, 0.0153], [10.0, 0.0107], [10.090909090909092, 0.0176], [10.181818181818182, 0.0093], [10.272727272727273, 0.0123], [10.363636363636363, 0.0085], [10.454545454545455, 0.0117], [10.545454545454545, 0.0079], [10.636363636363637, 0.0074], [10.727272727272727, 0.0069], [10.818181818181818, 0.0048], [10.909090909090908, 0.0052], [11.0, 0.0033], [11.090909090909092, 0.0041], [11.181818181818182, 0.0012], [11.272727272727273, 0.0022], [11.363636363636363, 0.0007], [11.454545454545455, 0.0009], [11.545454545454545, 0.0001], [11.636363636363637, 0.0004], [12.0, 0.0002], [12.727272727272727, 0.0011], [12.818181818181818, 0.0002], [12.909090909090908, 0.0008], [13.0, 0.0005], [13.090909090909092, 0.0021], [13.181818181818182, 0.003], [13.272727272727273, 0.003], [13.363636363636363, 0.0039], [13.454545454545455, 0.0043], [13.545454545454545, 0.0069], [13.636363636363637, 0.0062], [13.727272727272727, 0.0097], [13.818181818181818, 0.0087], [13.909090909090908, 0.0091], [14.0, 0.0118], [14.090909090909092, 0.0132], [14.181818181818182, 0.0149], [14.272727272727273, 0.0146], [14.363636363636363, 0.0158], [14.454545454545455, 0.0144], [14.545454545454545, 0.0151], [14.636363636363637, 0.0141], [14.727272727272727, 0.0159], [14.818181818181818, 0.0132], [14.909090909090908, 0.0112], [15.0, 0.013], [15.090909090909092, 0.0092], [15.181818181818182, 0.0107], [15.272727272727273, 0.0083], [15.363636363636363, 0.0079], [15.454545454545455, 0.0051], [15.545454545454545, 0.0044], [15.636363636363637, 0.0027], [15.727272727272727, 0.002], [15.818181818181818, 0.0028], [15.909090909090908, 0.002], [16.0, 0.0013], [16.09090909090909, 0.0007], [16.181818181818183, 0.0006], [16.272727272727273, 0.0005], [16.363636363636363, 0.0006], [16.545454545454547, 0.0001], [16.90909090909091, 0.0003], [17.181818181818183, 0.0002], [17.272727272727273, 0.0006], [17.363636363636363, 0.0015], [17.454545454545453, 0.001], [17.545454545454547, 0.0015], [17.636363636363637, 0.0019], [17.727272727272727, 0.0024], [17.818181818181817, 0.003], [17.90909090909091, 0.0037], [18.0, 0.0045], [18.09090909090909, 0.0045], [18.181818181818183, 0.0069], [18.272727272727273, 0.009], [18.363636363636363, 0.0083], [18.454545454545453, 0.0081], [18.545454545454547, 0.0108], [18.636363636363637, 0.0118], [18.727272727272727, 0.011], [18.818181818181817, 0.012], [18.90909090909091, 0.0106], [19.0, 0.0132], [19.09090909090909, 0.0124], [19.181818181818183, 0.0108], [19.272727272727273, 0.0099], [19.363636363636363, 0.0107], [19.454545454545453, 0.0086], [19.545454545454547, 0.0089], [19.636363636363637, 0.007], [19.727272727272727, 0.0068], [19.818181818181817, 0.0066], [19.90909090909091, 0.006], [20.0, 0.0043], [20.09090909090909, 0.0026], [20.181818181818183, 0.0021], [20.272727272727273, 0.0024], [20.363636363636363, 0.0017], [20.454545454545453, 0.0017], [20.545454545454547, 0.0007], [20.636363636363637, 0.0007], [20.727272727272727, 0.0004], [20.818181818181817, 0.0009], [20.90909090909091, 0.0002], [21.0, 0.0002], [21.09090909090909, 0.0004], [21.181818181818183, 0.0002], [21.272727272727273, 0.0001], [21.545454545454547, 0.0004], [21.727272727272727, 0.0003], [21.818181818181817, 0.0001], [21.90909090909091, 0.0008], [22.0, 0.0008], [22.09090909090909, 0.0009], [22.181818181818183, 0.0015], [22.272727272727273, 0.001], [22.363636363636363, 0.0023], [22.454545454545453, 0.0019], [22.545454545454547, 0.0021], [22.636363636363637, 0.0021], [22.727272727272727, 0.003], [22.818181818181817, 0.0064], [22.90909090909091, 0.0062], [23.0, 0.0041], [23.09090909090909, 0.0046], [23.181818181818183, 0.0053], [23.272727272727273, 0.0046], [23.363636363636363, 0.0047], [23.454545454545453, 0.0063], [23.545454545454547, 0.005], [23.636363636363637, 0.0088], [23.727272727272727, 0.0058], [23.818181818181817, 0.0048], [23.90909090909091, 0.0039], [24.0, 0.0048], [24.09090909090909, 0.0044], [24.181818181818183, 0.0034], [24.272727272727273, 0.0026], [24.363636363636363, 0.0027], [24.454545454545453, 0.0036], [24.545454545454547, 0.0023], [24.636363636363637, 0.0014], [24.727272727272727, 0.0015], [24.818181818181817, 0.0017], [24.90909090909091, 0.001], [25.0, 0.0007], [25.09090909090909, 0.0005], [25.181818181818183, 0.0007], [25.272727272727273, 0.0002], [25.363636363636363, 0.0002], [25.454545454545453, 0.0002], [25.545454545454547, 0.0001], [25.636363636363637, 0.0001], [25.727272727272727, 0.0002], [25.90909090909091, 0.0001], [26.0, 0.0002], [26.09090909090909, 0.0001], [26.181818181818183, 0.0001], [26.272727272727273, 0.0001], [26.363636363636363, 0.0001], [26.454545454545453, 0.0003], [26.545454545454547, 0.0002], [26.636363636363637, 0.0007], [26.727272727272727, 0.0004], [26.818181818181817, 0.0009], [26.90909090909091, 0.0002], [27.0, 0.0009], [27.09090909090909, 0.0013], [27.181818181818183, 0.0011], [27.272727272727273, 0.0013], [27.363636363636363, 0.001], [27.454545454545453, 0.0024], [27.545454545454547, 0.0024], [27.636363636363637, 0.001], [27.727272727272727, 0.0023], [27.818181818181817, 0.0014], [27.90909090909091, 0.0021], [28.0, 0.0016], [28.09090909090909, 0.0018], [28.181818181818183, 0.0016], [28.272727272727273, 0.0021], [28.363636363636363, 0.0011], [28.454545454545453, 0.0022], [28.545454545454547, 0.0014], [28.636363636363637, 0.0016], [28.727272727272727, 0.0019], [28.818181818181817, 0.0013], [28.90909090909091, 0.0012], [29.0, 0.0011], [29.09090909090909, 0.0008], [29.181818181818183, 0.0011], [29.272727272727273, 0.0002], [29.363636363636363, 0.0004], [29.454545454545453, 0.0001], [29.545454545454547, 0.0002], [29.636363636363637, 0.0001], [29.818181818181817, 0.0001], [30.0, 0.0001], [30.09090909090909, 0.0001], [30.363636363636363, 0.0002], [30.818181818181817, 0.0001], [31.09090909090909, 0.0002], [31.181818181818183, 0.0002], [31.272727272727273, 0.0003], [31.363636363636363, 0.0001], [31.454545454545453, 0.0002], [31.545454545454547, 0.0001], [31.636363636363637, 0.0002], [31.727272727272727, 0.0008], [31.90909090909091, 0.0005], [32.0, 0.0005], [32.09090909090909, 0.0008], [32.18181818181818, 0.0005], [32.27272727272727, 0.0003], [32.36363636363637, 0.0011], [32.45454545454545, 0.0004], [32.54545454545455, 0.0001], [32.63636363636363, 0.0005], [32.72727272727273, 0.0006], [32.81818181818182, 0.0007], [32.90909090909091, 0.0006], [33.0, 0.0004], [33.09090909090909, 0.0004], [33.18181818181818, 0.0003], [33.27272727272727, 0.0007], [33.36363636363637, 0.0002], [33.45454545454545, 0.0003], [33.54545454545455, 0.0002], [33.63636363636363, 0.0001], [33.72727272727273, 0.0003], [33.81818181818182, 0.0007], [34.0, 0.0001], [34.09090909090909, 0.0001], [34.18181818181818, 0.0001], [35.45454545454545, 0.0002], [35.81818181818182, 0.0001], [36.36363636363637, 0.0001], [36.45454545454545, 0.0002], [36.54545454545455, 0.0001], [36.63636363636363, 0.0005], [36.72727272727273, 0.0001], [36.90909090909091, 0.0001], [37.0, 0.0004], [37.09090909090909, 0.0001], [37.18181818181818, 0.0003], [37.45454545454545, 0.0001], [37.72727272727273, 0.0001], [38.0, 0.0001], [38.09090909090909, 0.0002], [38.54545454545455, 0.0001], [38.63636363636363, 0.0001], [40.18181818181818, 0.0001], [40.63636363636363, 0.0001], [41.45454545454545, 0.0001], [42.0, 0.0001]]",0.0,0.15,0.5373364775949876,0.38733647759498757,0.38733647759498757,0.1500295468756923
19,5,Macroeconomics,"What will US nominal GDP be in 2040, rounded to the nearest USD 100 billion?",USD trillions,"What will US nominal GDP be in 2040, rounded to the nearest USD 100 billion?
Answer in the following unit: USD trillions",0,"[[53.0, 1.0]]",0.0,0.05,1.0,0.95,0.95,0.9025
19,5,Macroeconomics,"What will US nominal GDP be in 2040, rounded to the nearest USD 100 billion?",USD trillions,"What will US nominal GDP be in 2040, rounded to the nearest USD 100 billion?
Answer in the following unit: USD trillions",2,"[[52.6, 0.0364], [52.73333333333333, 0.1097], [52.86666666666667, 0.1175], [53.0, 0.04], [53.199999999999996, 0.1089], [53.333333333333336, 0.2208], [53.46666666666667, 0.1181], [53.800000000000004, 0.1082], [53.93333333333334, 0.1084], [54.4, 0.032]]",0.0,0.05,0.35510074985074314,0.30510074985074315,0.30510074985074315,0.09308646755948574
19,5,Macroeconomics,"What will US nominal GDP be in 2040, rounded to the nearest USD 100 billion?",USD trillions,"What will US nominal GDP be in 2040, rounded to the nearest USD 100 billion?
Answer in the following unit: USD trillions",5,"[[52.6, 0.0001], [52.666666666666664, 0.0004], [52.66666666666668, 0.0001], [52.73333333333333, 0.0007], [52.73333333333334, 0.0015], [52.79999999999999, 0.0008], [52.800000000000004, 0.0049], [52.80000000000001, 0.0002], [52.86666666666665, 0.0001], [52.86666666666667, 0.0093], [52.866666666666674, 0.0054], [52.93333333333333, 0.0048], [52.93333333333334, 0.0149], [52.95000000000001, 0.0005], [52.99999999999999, 0.001], [53.0, 0.0213], [53.00000000000001, 0.0011], [53.01666666666666, 0.0002], [53.01666666666667, 0.0016], [53.06666666666666, 0.0151], [53.06666666666667, 0.0059], [53.08333333333332, 0.0002], [53.083333333333336, 0.0065], [53.08333333333334, 0.0007], [53.133333333333326, 0.0046], [53.13333333333333, 0.0072], [53.13333333333335, 0.0004], [53.15, 0.0082], [53.150000000000006, 0.0081], [53.199999999999996, 0.0046], [53.20000000000001, 0.0016], [53.21666666666666, 0.0049], [53.21666666666667, 0.0233], [53.216666666666676, 0.0012], [53.26666666666666, 0.0011], [53.26666666666667, 0.0011], [53.283333333333324, 0.0014], [53.28333333333333, 0.0291], [53.28333333333334, 0.011], [53.300000000000004, 0.0003], [53.30000000000001, 0.0001], [53.33333333333332, 0.0003], [53.333333333333336, 0.0005], [53.349999999999994, 0.0202], [53.35, 0.0281], [53.36666666666667, 0.0013], [53.366666666666674, 0.0011], [53.41666666666666, 0.0029], [53.416666666666664, 0.0406], [53.41666666666668, 0.0017], [53.43333333333333, 0.0023], [53.43333333333334, 0.0042], [53.48333333333333, 0.0334], [53.48333333333334, 0.0119], [53.49999999999999, 0.0007], [53.5, 0.012], [53.50000000000001, 0.002], [53.54999999999999, 0.0132], [53.550000000000004, 0.019], [53.55000000000001, 0.0008], [53.56666666666666, 0.015], [53.56666666666667, 0.0081], [53.61666666666665, 0.0007], [53.61666666666667, 0.0164], [53.616666666666674, 0.0033], [53.633333333333326, 0.0083], [53.63333333333333, 0.0228], [53.63333333333335, 0.0012], [53.65, 0.0002], [53.650000000000006, 0.0003], [53.68333333333333, 0.0029], [53.68333333333334, 0.0029], [53.69999999999999, 0.0014], [53.699999999999996, 0.0324], [53.70000000000001, 0.0111], [53.71666666666667, 0.0019], [53.74999999999999, 0.0002], [53.75, 0.0021], [53.76666666666666, 0.0245], [53.76666666666667, 0.0251], [53.78333333333333, 0.0021], [53.78333333333334, 0.0005], [53.81666666666666, 0.0004], [53.83333333333332, 0.0041], [53.833333333333336, 0.0422], [53.83333333333334, 0.0018], [53.849999999999994, 0.0036], [53.85, 0.0041], [53.850000000000016, 0.0003], [53.9, 0.0315], [53.900000000000006, 0.0085], [53.91666666666666, 0.0006], [53.916666666666664, 0.0081], [53.91666666666668, 0.0008], [53.96666666666666, 0.0148], [53.96666666666667, 0.0172], [53.966666666666676, 0.0009], [53.98333333333333, 0.0094], [53.98333333333334, 0.0066], [54.0, 0.0001], [54.033333333333324, 0.0007], [54.03333333333333, 0.0193], [54.03333333333334, 0.0032], [54.04999999999999, 0.0066], [54.050000000000004, 0.0154], [54.05000000000001, 0.0006], [54.06666666666666, 0.0004], [54.06666666666667, 0.0001], [54.099999999999994, 0.0058], [54.1, 0.0046], [54.11666666666665, 0.0003], [54.11666666666667, 0.0212], [54.116666666666674, 0.0024], [54.133333333333326, 0.0003], [54.13333333333333, 0.0009], [54.16666666666666, 0.0003], [54.166666666666664, 0.0027], [54.18333333333333, 0.0129], [54.18333333333334, 0.0106], [54.199999999999996, 0.0014], [54.20000000000001, 0.0002], [54.23333333333333, 0.0007], [54.24999999999999, 0.0038], [54.25, 0.0214], [54.25000000000001, 0.0008], [54.26666666666666, 0.0015], [54.26666666666667, 0.0016], [54.31666666666666, 0.0167], [54.31666666666667, 0.003], [54.33333333333332, 0.0005], [54.333333333333336, 0.0038], [54.33333333333334, 0.0003], [54.35, 0.0001], [54.383333333333326, 0.0067], [54.38333333333333, 0.0052], [54.38333333333335, 0.0001], [54.4, 0.0028], [54.400000000000006, 0.0011], [54.44999999999999, 0.0003], [54.449999999999996, 0.0095], [54.45000000000001, 0.0013], [54.46666666666666, 0.0022], [54.46666666666667, 0.0044], [54.51666666666666, 0.0058], [54.51666666666667, 0.0029], [54.533333333333324, 0.0004], [54.53333333333333, 0.006], [54.53333333333334, 0.0008], [54.54999999999999, 0.0001], [54.58333333333332, 0.0004], [54.583333333333336, 0.0024], [54.599999999999994, 0.0043], [54.6, 0.0027], [54.61666666666667, 0.0006], [54.65, 0.0007], [54.66666666666666, 0.0009], [54.666666666666664, 0.0044], [54.66666666666668, 0.0001], [54.68333333333333, 0.0001], [54.699999999999996, 0.0001], [54.73333333333333, 0.0066], [54.73333333333334, 0.0007], [54.74999999999999, 0.0001], [54.75, 0.0006], [54.75000000000001, 0.0001], [54.79999999999999, 0.0032], [54.800000000000004, 0.0018], [54.81666666666666, 0.0007], [54.81666666666667, 0.0004], [54.86666666666665, 0.0002], [54.86666666666667, 0.0022], [54.883333333333326, 0.0007], [54.88333333333333, 0.0003], [54.9, 0.0001], [54.93333333333333, 0.0009], [54.93333333333334, 0.0007], [54.94999999999999, 0.0001], [54.949999999999996, 0.0011], [54.95000000000001, 0.0002], [54.99999999999999, 0.0002], [55.0, 0.0017], [55.01666666666666, 0.0015], [55.01666666666667, 0.001], [55.06666666666666, 0.0003], [55.08333333333332, 0.0005], [55.083333333333336, 0.0005], [55.099999999999994, 0.0001], [55.15, 0.0006], [55.150000000000006, 0.0001], [55.21666666666666, 0.0005], [55.21666666666667, 0.0004], [55.283333333333324, 0.0001], [55.28333333333333, 0.0005], [55.29999999999999, 0.0001], [55.300000000000004, 0.0001], [55.349999999999994, 0.0001], [55.416666666666664, 0.0001], [55.48333333333333, 0.0002], [55.5, 0.0002]]",0.0,0.05,0.5629554583269092,0.5129554583269091,0.5129554583269091,0.2631233022273694
19,5,Macroeconomics,"What will US nominal GDP be in 2040, rounded to the nearest USD 100 billion?",USD trillions,"What will US nominal GDP be in 2040, rounded to the nearest USD 100 billion?
Answer in the following unit: USD trillions",10,"[[52.60909090909092, 0.0001], [52.618181818181824, 0.0001], [52.64545454545455, 0.0001], [52.654545454545456, 0.0005], [52.66363636363636, 0.0001], [52.67272727272727, 0.0001], [52.68181818181818, 0.0005], [52.690909090909095, 0.0024], [52.699999999999996, 0.0001], [52.7, 0.0029], [52.709090909090904, 0.0013], [52.70909090909092, 0.0004], [52.71818181818182, 0.0013], [52.72727272727273, 0.0028], [52.73636363636363, 0.0001], [52.73636363636364, 0.0064], [52.74545454545454, 0.0003], [52.74545454545455, 0.0087], [52.75454545454545, 0.0032], [52.75454545454546, 0.0019], [52.76363636363636, 0.0042], [52.76363636363637, 0.0002], [52.77272727272727, 0.0109], [52.781818181818174, 0.0006], [52.78181818181818, 0.0214], [52.79090909090908, 0.0005], [52.790909090909096, 0.0172], [52.8, 0.0067], [52.800000000000004, 0.0027], [52.809090909090905, 0.0097], [52.80909090909092, 0.0001], [52.81818181818182, 0.031], [52.82727272727272, 0.0004], [52.82727272727273, 0.0424], [52.83636363636363, 0.002], [52.83636363636364, 0.0294], [52.845454545454544, 0.0087], [52.84545454545455, 0.0038], [52.85454545454545, 0.0224], [52.854545454545466, 0.0001], [52.86363636363635, 0.0001], [52.86363636363637, 0.0585], [52.863636363636374, 0.0002], [52.87272727272727, 0.0015], [52.872727272727275, 0.0598], [52.881818181818176, 0.0016], [52.88181818181818, 0.0266], [52.89090909090908, 0.0112], [52.8909090909091, 0.0014], [52.9, 0.0429], [52.900000000000006, 0.001], [52.9090909090909, 0.0003], [52.90909090909091, 0.0903], [52.91818181818181, 0.0019], [52.91818181818182, 0.0522], [52.92727272727272, 0.0015], [52.92727272727273, 0.0116], [52.93636363636363, 0.0165], [52.936363636363645, 0.0006], [52.945454545454545, 0.0632], [52.94545454545455, 0.0015], [52.954545454545446, 0.0001], [52.95454545454545, 0.0699], [52.95454545454547, 0.0002], [52.963636363636354, 0.0011], [52.96363636363637, 0.0208], [52.97272727272727, 0.0011], [52.972727272727276, 0.0033], [52.98181818181818, 0.0284], [52.98181818181819, 0.0019], [52.99090909090909, 0.0547], [52.9909090909091, 0.002], [52.99999999999999, 0.0001], [53.0, 0.0303], [53.00000000000001, 0.0001], [53.0090909090909, 0.0002], [53.00909090909091, 0.0012], [53.01818181818181, 0.0038], [53.01818181818182, 0.0053], [53.027272727272724, 0.0249], [53.02727272727273, 0.0023], [53.03636363636363, 0.0231], [53.036363636363646, 0.0009], [53.04545454545455, 0.0002], [53.05454545454545, 0.0002], [53.054545454545455, 0.0014], [53.063636363636355, 0.0032], [53.06363636363637, 0.0071], [53.07272727272727, 0.0107], [53.07272727272728, 0.0013], [53.09090909090909, 0.0003], [53.099999999999994, 0.0001], [53.1, 0.0018], [53.1090909090909, 0.0016], [53.10909090909092, 0.0024], [53.13636363636363, 0.0003], [53.145454545454534, 0.0002], [53.14545454545455, 0.0012], [53.18181818181818, 0.0002]]",0.0,0.05,0.6726761508145505,0.6226761508145504,0.6226761508145504,0.3877255887932247
20,5,Labor,"What will the US unemployment rate be in December 2040, rounded to the nearest 0.1 percentage point?",percent,"What will the US unemployment rate be in December 2040, rounded to the nearest 0.1 percentage point?
Answer in the following unit: percent",0,"[[4.2, 1.0]]",0.0,0.05,1.0,0.95,0.95,0.9025
20,5,Labor,"What will the US unemployment rate be in December 2040, rounded to the nearest 0.1 percentage point?",percent,"What will the US unemployment rate be in December 2040, rounded to the nearest 0.1 percentage point?
Answer in the following unit: percent",2,"[[4.2, 0.3617], [4.233333333333333, 0.4405], [4.266666666666667, 0.1737], [4.3, 0.0241]]",0.0,0.05,0.510195232,0.46019523200000007,0.46019523200000007,0.21177965155553388
20,5,Labor,"What will the US unemployment rate be in December 2040, rounded to the nearest 0.1 percentage point?",percent,"What will the US unemployment rate be in December 2040, rounded to the nearest 0.1 percentage point?
Answer in the following unit: percent",5,"[[4.2, 0.0001], [4.216666666666666, 0.0001], [4.216666666666667, 0.0002], [4.233333333333333, 0.0062], [4.249999999999999, 0.0024], [4.25, 0.0359], [4.250000000000001, 0.0025], [4.266666666666667, 0.1072], [4.283333333333333, 0.0891], [4.283333333333334, 0.0906], [4.3, 0.1265], [4.416666666666666, 0.0001], [4.433333333333333, 0.0018], [4.433333333333334, 0.0005], [4.45, 0.0203], [4.466666666666666, 0.0064], [4.466666666666667, 0.0731], [4.483333333333333, 0.1564], [4.5, 0.0805], [4.500000000000001, 0.0406], [4.633333333333333, 0.0002], [4.633333333333334, 0.0001], [4.6499999999999995, 0.0023], [4.65, 0.0001], [4.666666666666667, 0.0216], [4.683333333333333, 0.0034], [4.683333333333334, 0.0474], [4.7, 0.0595], [4.85, 0.0001], [4.8500000000000005, 0.0001], [4.866666666666666, 0.0022], [4.883333333333334, 0.0082], [4.8999999999999995, 0.0014], [4.9, 0.0114], [5.083333333333333, 0.0001], [5.1000000000000005, 0.0013], [5.3, 0.0001]]",0.0,0.05,0.6725933483220401,0.62259334832204,0.62259334832204,0.3876224773748491
20,5,Labor,"What will the US unemployment rate be in December 2040, rounded to the nearest 0.1 percentage point?",percent,"What will the US unemployment rate be in December 2040, rounded to the nearest 0.1 percentage point?
Answer in the following unit: percent",10,"[[4.136363636363637, 0.0001], [4.145454545454546, 0.0001], [4.181818181818181, 0.0001], [4.181818181818182, 0.0008], [4.1909090909090905, 0.0008], [4.190909090909091, 0.0001], [4.199999999999999, 0.0017], [4.2, 0.0008], [4.209090909090908, 0.0006], [4.209090909090909, 0.0017], [4.20909090909091, 0.0001], [4.218181818181818, 0.0025], [4.218181818181819, 0.0008], [4.227272727272726, 0.0001], [4.227272727272727, 0.0014], [4.2272727272727275, 0.0024], [4.236363636363635, 0.0046], [4.245454545454544, 0.0014], [4.245454545454545, 0.0015], [4.245454545454546, 0.0015], [4.254545454545454, 0.0047], [4.254545454545455, 0.0002], [4.263636363636363, 0.0051], [4.263636363636364, 0.0006], [4.263636363636365, 0.0003], [4.272727272727272, 0.0012], [4.2727272727272725, 0.0032], [4.272727272727273, 0.0001], [4.281818181818181, 0.0022], [4.281818181818182, 0.0002], [4.29090909090909, 0.0018], [4.299999999999999, 0.0009], [4.463636363636364, 0.0001], [4.4818181818181815, 0.0002], [4.490909090909091, 0.0004], [4.499999999999999, 0.0003], [4.5, 0.0011], [4.500000000000001, 0.0002], [4.509090909090909, 0.0012], [4.518181818181817, 0.0003], [4.518181818181818, 0.0006], [4.5181818181818185, 0.0007], [4.5272727272727264, 0.0008], [4.527272727272727, 0.0039], [4.536363636363635, 0.0021], [4.536363636363636, 0.0022], [4.536363636363637, 0.0011], [4.545454545454544, 0.0004], [4.545454545454545, 0.0027], [4.545454545454546, 0.0054], [4.554545454545454, 0.0105], [4.554545454545455, 0.0013], [4.554545454545456, 0.001], [4.563636363636363, 0.005], [4.5636363636363635, 0.0086], [4.563636363636364, 0.0002], [4.572727272727271, 0.0034], [4.572727272727272, 0.0141], [4.572727272727273, 0.001], [4.581818181818181, 0.0125], [4.581818181818182, 0.005], [4.59090909090909, 0.0086], [4.590909090909091, 0.0096], [4.599999999999999, 0.0006], [4.6, 0.0151], [4.6000000000000005, 0.0012], [4.6090909090909085, 0.0122], [4.609090909090909, 0.0018], [4.618181818181817, 0.0027], [4.618181818181818, 0.0056], [4.627272727272726, 0.0072], [4.627272727272727, 0.0003], [4.636363636363635, 0.0019], [4.636363636363636, 0.0008], [4.800000000000001, 0.0001], [4.809090909090909, 0.0002], [4.8181818181818175, 0.0002], [4.818181818181818, 0.0003], [4.827272727272727, 0.0007], [4.827272727272728, 0.0001], [4.836363636363635, 0.0003], [4.836363636363636, 0.0007], [4.836363636363637, 0.0006], [4.845454545454545, 0.0028], [4.845454545454546, 0.0003], [4.854545454545454, 0.0021], [4.8545454545454545, 0.0015], [4.854545454545455, 0.0011], [4.863636363636362, 0.0008], [4.863636363636363, 0.01], [4.872727272727271, 0.0003], [4.872727272727272, 0.0093], [4.872727272727273, 0.0013], [4.872727272727274, 0.0006], [4.881818181818181, 0.0033], [4.881818181818182, 0.0119], [4.89090909090909, 0.0028], [4.890909090909091, 0.0172], [4.8909090909090915, 0.0007], [4.8999999999999995, 0.021], [4.9, 0.0028], [4.909090909090907, 0.0036], [4.909090909090908, 0.0102], [4.909090909090909, 0.016], [4.90909090909091, 0.0003], [4.918181818181817, 0.002], [4.918181818181818, 0.0288], [4.918181818181819, 0.001], [4.927272727272726, 0.0135], [4.927272727272727, 0.008], [4.927272727272728, 0.009], [4.936363636363636, 0.0056], [4.9363636363636365, 0.021], [4.936363636363637, 0.0001], [4.945454545454544, 0.0206], [4.945454545454545, 0.0034], [4.945454545454546, 0.0007], [4.954545454545453, 0.0041], [4.954545454545454, 0.0086], [4.963636363636362, 0.0008], [4.963636363636363, 0.0078], [4.963636363636364, 0.0001], [4.972727272727272, 0.0051], [4.972727272727273, 0.0001], [5.136363636363637, 0.0003], [5.145454545454545, 0.0003], [5.145454545454546, 0.0001], [5.154545454545453, 0.0002], [5.154545454545454, 0.0004], [5.154545454545455, 0.0004], [5.163636363636363, 0.0009], [5.172727272727272, 0.0009], [5.172727272727273, 0.001], [5.181818181818181, 0.0008], [5.181818181818182, 0.0022], [5.1818181818181825, 0.0001], [5.19090909090909, 0.0002], [5.1909090909090905, 0.0037], [5.190909090909091, 0.0011], [5.199999999999999, 0.0052], [5.2, 0.0036], [5.209090909090908, 0.0018], [5.209090909090909, 0.0111], [5.20909090909091, 0.001], [5.218181818181818, 0.0135], [5.218181818181819, 0.002], [5.227272727272726, 0.0014], [5.227272727272727, 0.007], [5.2272727272727275, 0.0137], [5.236363636363635, 0.022], [5.236363636363636, 0.0028], [5.236363636363637, 0.0014], [5.245454545454544, 0.0097], [5.245454545454545, 0.0078], [5.245454545454546, 0.0081], [5.254545454545454, 0.0313], [5.254545454545455, 0.0009], [5.254545454545456, 0.0002], [5.263636363636363, 0.0241], [5.263636363636364, 0.0048], [5.263636363636365, 0.0034], [5.272727272727272, 0.0035], [5.2727272727272725, 0.022], [5.28181818181818, 0.0006], [5.281818181818181, 0.0178], [5.281818181818182, 0.0007], [5.29090909090909, 0.0121], [5.290909090909091, 0.0017], [5.299999999999999, 0.0013], [5.3, 0.005], [5.309090909090909, 0.0051], [5.49090909090909, 0.0001], [5.499999999999999, 0.0004], [5.5, 0.0001], [5.509090909090909, 0.0016], [5.50909090909091, 0.0001], [5.518181818181817, 0.0006], [5.518181818181818, 0.0011], [5.5181818181818185, 0.0014], [5.5272727272727264, 0.0004], [5.527272727272727, 0.003], [5.536363636363635, 0.0029], [5.536363636363636, 0.0015], [5.536363636363637, 0.001], [5.545454545454544, 0.0004], [5.545454545454545, 0.0018], [5.545454545454546, 0.0072], [5.554545454545454, 0.0071], [5.554545454545455, 0.0013], [5.554545454545456, 0.0007], [5.563636363636363, 0.0052], [5.5636363636363635, 0.0097], [5.572727272727271, 0.0017], [5.572727272727272, 0.0155], [5.572727272727273, 0.0008], [5.581818181818181, 0.016], [5.581818181818182, 0.006], [5.59090909090909, 0.0078], [5.590909090909091, 0.0117], [5.590909090909092, 0.0003], [5.599999999999999, 0.0001], [5.6, 0.0186], [5.6000000000000005, 0.0023], [5.6090909090909085, 0.0099], [5.609090909090909, 0.0035], [5.618181818181817, 0.0021], [5.618181818181818, 0.0109], [5.627272727272726, 0.0052], [5.627272727272727, 0.0013], [5.627272727272728, 0.0003], [5.636363636363635, 0.0001], [5.636363636363636, 0.001], [5.636363636363637, 0.002], [5.645454545454545, 0.0019], [5.818181818181818, 0.0002], [5.827272727272727, 0.0004], [5.836363636363635, 0.0003], [5.836363636363637, 0.0002], [5.845454545454545, 0.0006], [5.854545454545454, 0.0005], [5.854545454545455, 0.0006], [5.863636363636362, 0.0001], [5.863636363636363, 0.0028], [5.872727272727272, 0.003], [5.872727272727274, 0.0001], [5.881818181818181, 0.0025], [5.881818181818182, 0.0019], [5.890909090909091, 0.0058], [5.8909090909090915, 0.0001], [5.8999999999999995, 0.0038], [5.9, 0.002], [5.909090909090907, 0.0006], [5.909090909090909, 0.0084], [5.918181818181818, 0.0075], [5.918181818181819, 0.0004], [5.927272727272726, 0.0042], [5.927272727272728, 0.0049], [5.936363636363635, 0.0001], [5.9363636363636365, 0.0091], [5.936363636363637, 0.0003], [5.945454545454544, 0.0054], [5.945454545454546, 0.0023], [5.954545454545454, 0.0054], [5.963636363636363, 0.005], [5.972727272727272, 0.0002], [5.972727272727273, 0.0006], [5.9818181818181815, 0.0013], [6.145454545454545, 0.0002], [6.154545454545453, 0.0001], [6.163636363636363, 0.0003], [6.181818181818182, 0.0002], [6.1909090909090905, 0.0001], [6.199999999999999, 0.0001], [6.2, 0.0005], [6.209090909090909, 0.0009], [6.218181818181818, 0.0012], [6.218181818181819, 0.0007], [6.227272727272726, 0.0005], [6.2272727272727275, 0.0022], [6.236363636363635, 0.0025], [6.236363636363637, 0.0003], [6.245454545454544, 0.001], [6.245454545454546, 0.0014], [6.254545454545454, 0.0029], [6.254545454545456, 0.0002], [6.263636363636363, 0.0021], [6.263636363636365, 0.0009], [6.272727272727272, 0.0002], [6.2727272727272725, 0.0019], [6.281818181818181, 0.001], [6.281818181818182, 0.0001], [6.29090909090909, 0.0009], [6.290909090909091, 0.0011], [6.3, 0.0015], [6.309090909090909, 0.0001], [6.3090909090909095, 0.0003], [6.318181818181818, 0.0002], [6.527272727272727, 0.0002], [6.536363636363635, 0.0001], [6.545454545454544, 0.0002], [6.545454545454546, 0.0003], [6.554545454545454, 0.0005], [6.563636363636363, 0.0001], [6.5636363636363635, 0.0002], [6.572727272727272, 0.0007], [6.581818181818181, 0.0003], [6.581818181818182, 0.0003], [6.590909090909091, 0.0005], [6.6, 0.0008], [6.6000000000000005, 0.0001], [6.6090909090909085, 0.0001], [6.609090909090909, 0.0005], [6.618181818181818, 0.0008], [6.627272727272728, 0.0002], [6.636363636363635, 0.0001], [6.636363636363637, 0.0002], [6.654545454545455, 0.0001], [6.918181818181818, 0.0001], [6.927272727272726, 0.0001], [6.927272727272728, 0.0002], [6.954545454545454, 0.0002], [6.963636363636363, 0.0001], [6.972727272727273, 0.0001]]",0.0,0.05,0.5648620394056543,0.5148620394056542,0.5148620394056542,0.26508291962094943
